timeStamp,elapsed,label,responseCode,responseMessage,threadName,dataType,success,failureMessage,bytes,sentBytes,grpThreads,allThreads,URL,Filename,Latency,Encoding,SampleCount,ErrorCount,Hostname,IdleTime,Connect
1722839047141,1033,Landing_Page,200,OK,Thread Group 1-1,text,true,,5115,862,1,1,https://www.demoblaze.com/,,1017,UTF-8,1,0,QPros-FuadSafi,0,748
1722839050188,276,Home,200,OK,Thread Group 1-1,text,true,,5171,879,1,1,https://www.demoblaze.com/index.html,,273,UTF-8,1,0,QPros-FuadSafi,0,0
1722839052466,239,Cart,200,OK,Thread Group 1-1,text,true,,5902,878,1,1,https://www.demoblaze.com/cart.html,,235,UTF-8,1,0,QPros-FuadSafi,0,0
1722839054708,235,Landing_Page,200,OK,Thread Group 1-1,text,true,,5133,862,1,1,https://www.demoblaze.com/,,224,UTF-8,1,0,QPros-FuadSafi,0,0
1722839056946,229,Home,200,OK,Thread Group 1-1,text,true,,5000,879,1,1,https://www.demoblaze.com/index.html,,228,UTF-8,1,0,QPros-FuadSafi,0,0
1722839059177,252,Cart,200,OK,Thread Group 1-1,text,true,,5665,878,1,1,https://www.demoblaze.com/cart.html,,245,UTF-8,1,0,QPros-FuadSafi,0,0
1722839061434,269,Landing_Page,200,OK,Thread Group 1-1,text,true,,19902,862,1,1,https://www.demoblaze.com/,,240,UTF-8,1,0,QPros-FuadSafi,0,0
1722839063707,276,Home,200,OK,Thread Group 1-1,text,true,,5208,879,1,1,https://www.demoblaze.com/index.html,,273,UTF-8,1,0,QPros-FuadSafi,0,0
1722839065987,249,Cart,200,OK,Thread Group 1-1,text,true,,5743,878,1,1,https://www.demoblaze.com/cart.html,,234,UTF-8,1,0,QPros-FuadSafi,0,0
1722839068239,268,Landing_Page,200,OK,Thread Group 1-1,text,true,,19902,862,1,1,https://www.demoblaze.com/,,264,UTF-8,1,0,QPros-FuadSafi,0,0
1722839070508,126,Home,200,OK,Thread Group 1-1,text,true,,5057,879,1,1,https://www.demoblaze.com/index.html,,121,UTF-8,1,0,QPros-FuadSafi,0,0
1722839072638,260,Cart,200,OK,Thread Group 1-1,text,true,,5726,878,1,1,https://www.demoblaze.com/cart.html,,248,UTF-8,1,0,QPros-FuadSafi,0,0
1722839074900,144,Landing_Page,200,OK,Thread Group 1-1,text,true,,19902,862,1,1,https://www.demoblaze.com/,,131,UTF-8,1,0,QPros-FuadSafi,0,0
1722839077046,219,Home,200,OK,Thread Group 1-1,text,true,,4923,879,1,1,https://www.demoblaze.com/index.html,,215,UTF-8,1,0,QPros-FuadSafi,0,0
1722839079269,276,Cart,200,OK,Thread Group 1-1,text,true,,5905,878,1,1,https://www.demoblaze.com/cart.html,,271,UTF-8,1,0,QPros-FuadSafi,0,0
1722839081549,242,Landing_Page,200,OK,Thread Group 1-1,text,true,,4866,862,1,1,https://www.demoblaze.com/,,239,UTF-8,1,0,QPros-FuadSafi,0,0
1722839083792,124,Home,200,OK,Thread Group 1-1,text,true,,5245,879,1,1,https://www.demoblaze.com/index.html,,118,UTF-8,1,0,QPros-FuadSafi,0,0
1722839085920,229,Cart,200,OK,Thread Group 1-1,text,true,,5848,878,1,1,https://www.demoblaze.com/cart.html,,222,UTF-8,1,0,QPros-FuadSafi,0,0
1722839088152,253,Landing_Page,200,OK,Thread Group 1-1,text,true,,19902,862,1,1,https://www.demoblaze.com/,,230,UTF-8,1,0,QPros-FuadSafi,0,0
1722839090408,256,Home,200,OK,Thread Group 1-1,text,true,,5124,879,1,1,https://www.demoblaze.com/index.html,,253,UTF-8,1,0,QPros-FuadSafi,0,0
1722839092664,279,Cart,200,OK,Thread Group 1-1,text,true,,5742,878,1,1,https://www.demoblaze.com/cart.html,,277,UTF-8,1,0,QPros-FuadSafi,0,0
1722839094946,266,Landing_Page,200,OK,Thread Group 1-1,text,true,,19902,862,1,1,https://www.demoblaze.com/,,238,UTF-8,1,0,QPros-FuadSafi,0,0
1722839097216,138,Home,200,OK,Thread Group 1-1,text,true,,5217,879,1,1,https://www.demoblaze.com/index.html,,134,UTF-8,1,0,QPros-FuadSafi,0,0
1722839099357,233,Cart,200,OK,Thread Group 1-1,text,true,,5833,878,1,1,https://www.demoblaze.com/cart.html,,231,UTF-8,1,0,QPros-FuadSafi,0,0
1722839101593,263,Landing_Page,200,OK,Thread Group 1-1,text,true,,19902,862,1,1,https://www.demoblaze.com/,,246,UTF-8,1,0,QPros-FuadSafi,0,0
1722839103869,235,Home,200,OK,Thread Group 1-1,text,true,,5184,879,1,1,https://www.demoblaze.com/index.html,,234,UTF-8,1,0,QPros-FuadSafi,0,0
1722839106106,254,Cart,200,OK,Thread Group 1-1,text,true,,5840,878,1,1,https://www.demoblaze.com/cart.html,,253,UTF-8,1,0,QPros-FuadSafi,0,0
1722839108362,500,Landing_Page,200,OK,Thread Group 1-1,text,true,,5070,862,1,1,https://www.demoblaze.com/,,499,UTF-8,1,0,QPros-FuadSafi,0,245
1722839110867,253,Home,200,OK,Thread Group 1-1,text,true,,5298,879,1,1,https://www.demoblaze.com/index.html,,239,UTF-8,1,0,QPros-FuadSafi,0,0
1722839113123,268,Cart,200,OK,Thread Group 1-1,text,true,,5940,878,1,1,https://www.demoblaze.com/cart.html,,261,UTF-8,1,0,QPros-FuadSafi,0,0
1722839115394,267,Landing_Page,200,OK,Thread Group 1-1,text,true,,19902,862,1,1,https://www.demoblaze.com/,,226,UTF-8,1,0,QPros-FuadSafi,0,0
1722839117665,157,Home,200,OK,Thread Group 1-1,text,true,,5225,879,1,1,https://www.demoblaze.com/index.html,,157,UTF-8,1,0,QPros-FuadSafi,0,0
1722839119823,247,Cart,200,OK,Thread Group 1-1,text,true,,5992,878,1,1,https://www.demoblaze.com/cart.html,,246,UTF-8,1,0,QPros-FuadSafi,0,0
1722839122073,276,Landing_Page,200,OK,Thread Group 1-1,text,true,,19902,862,1,1,https://www.demoblaze.com/,,259,UTF-8,1,0,QPros-FuadSafi,0,0
1722839124352,282,Home,200,OK,Thread Group 1-1,text,true,,5170,879,1,1,https://www.demoblaze.com/index.html,,268,UTF-8,1,0,QPros-FuadSafi,0,0
1722839126637,273,Cart,200,OK,Thread Group 1-1,text,true,,5937,878,1,1,https://www.demoblaze.com/cart.html,,263,UTF-8,1,0,QPros-FuadSafi,0,0
1722839128915,251,Landing_Page,200,OK,Thread Group 1-1,text,true,,5195,862,1,1,https://www.demoblaze.com/,,236,UTF-8,1,0,QPros-FuadSafi,0,0
1722839131169,133,Home,200,OK,Thread Group 1-1,text,true,,5165,879,1,1,https://www.demoblaze.com/index.html,,130,UTF-8,1,0,QPros-FuadSafi,0,0
1722839133305,220,Cart,200,OK,Thread Group 1-1,text,true,,5864,878,1,1,https://www.demoblaze.com/cart.html,,212,UTF-8,1,0,QPros-FuadSafi,0,0
1722839135530,270,Landing_Page,200,OK,Thread Group 1-1,text,true,,19902,862,1,1,https://www.demoblaze.com/,,260,UTF-8,1,0,QPros-FuadSafi,0,0
1722839137802,237,Home,200,OK,Thread Group 1-1,text,true,,5158,879,1,1,https://www.demoblaze.com/index.html,,222,UTF-8,1,0,QPros-FuadSafi,0,0
1722839140042,523,Cart,200,OK,Thread Group 1-1,text,true,,5764,878,1,1,https://www.demoblaze.com/cart.html,,520,UTF-8,1,0,QPros-FuadSafi,0,0
1722839142571,251,Landing_Page,200,OK,Thread Group 1-1,text,true,,5008,862,1,1,https://www.demoblaze.com/,,250,UTF-8,1,0,QPros-FuadSafi,0,0
1722839144827,248,Home,200,OK,Thread Group 1-1,text,true,,5286,879,1,1,https://www.demoblaze.com/index.html,,236,UTF-8,1,0,QPros-FuadSafi,0,0
1722839147081,225,Cart,200,OK,Thread Group 1-1,text,true,,5906,878,1,1,https://www.demoblaze.com/cart.html,,221,UTF-8,1,0,QPros-FuadSafi,0,0
1722839149308,291,Landing_Page,200,OK,Thread Group 1-1,text,true,,19902,862,1,1,https://www.demoblaze.com/,,272,UTF-8,1,0,QPros-FuadSafi,0,0
1722839151601,231,Home,200,OK,Thread Group 1-1,text,true,,5210,879,1,1,https://www.demoblaze.com/index.html,,217,UTF-8,1,0,QPros-FuadSafi,0,0
1722839153835,241,Cart,200,OK,Thread Group 1-1,text,true,,6011,878,1,1,https://www.demoblaze.com/cart.html,,227,UTF-8,1,0,QPros-FuadSafi,0,0
1722839156080,277,Landing_Page,200,OK,Thread Group 1-1,text,true,,19906,862,1,1,https://www.demoblaze.com/,,260,UTF-8,1,0,QPros-FuadSafi,0,0
1722839158363,230,Home,200,OK,Thread Group 1-1,text,true,,4896,879,1,1,https://www.demoblaze.com/index.html,,222,UTF-8,1,0,QPros-FuadSafi,0,0
1722839160595,99,Cart,200,OK,Thread Group 1-1,text,true,,5952,878,1,1,https://www.demoblaze.com/cart.html,,91,UTF-8,1,0,QPros-FuadSafi,0,0
1722839162696,236,Landing_Page,200,OK,Thread Group 1-1,text,true,,5186,862,1,1,https://www.demoblaze.com/,,220,UTF-8,1,0,QPros-FuadSafi,0,0
1722839164934,248,Home,200,OK,Thread Group 1-1,text,true,,5325,879,1,1,https://www.demoblaze.com/index.html,,245,UTF-8,1,0,QPros-FuadSafi,0,0
1722839167186,226,Cart,200,OK,Thread Group 1-1,text,true,,5939,878,1,1,https://www.demoblaze.com/cart.html,,219,UTF-8,1,0,QPros-FuadSafi,0,0
1722839169414,544,Landing_Page,200,OK,Thread Group 1-1,text,true,,19902,862,1,1,https://www.demoblaze.com/,,447,UTF-8,1,0,QPros-FuadSafi,0,216
1722839171960,252,Home,200,OK,Thread Group 1-1,text,true,,5115,879,1,1,https://www.demoblaze.com/index.html,,246,UTF-8,1,0,QPros-FuadSafi,0,0
1722839174213,259,Cart,200,OK,Thread Group 1-1,text,true,,5865,878,1,1,https://www.demoblaze.com/cart.html,,241,UTF-8,1,0,QPros-FuadSafi,0,0
1722839176475,236,Landing_Page,200,OK,Thread Group 1-1,text,true,,5169,862,1,1,https://www.demoblaze.com/,,230,UTF-8,1,0,QPros-FuadSafi,0,0
1722839178713,230,Home,200,OK,Thread Group 1-1,text,true,,5191,879,1,1,https://www.demoblaze.com/index.html,,227,UTF-8,1,0,QPros-FuadSafi,0,0
1722839180945,225,Cart,200,OK,Thread Group 1-1,text,true,,6034,878,1,1,https://www.demoblaze.com/cart.html,,222,UTF-8,1,0,QPros-FuadSafi,0,0
